<?xml version="1.0" encoding="utf-8"?>
<ServiceModelInstallationInfo xmlns:xsi="http://www.w3.org/2001/XMLSchema-instance" xmlns:xsd="http://www.w3.org/2001/XMLSchema">
  <Name>AOSService</Name>
  <Description />
  <InstallationDateTime>2017-10-04T00:19:50.4441207-07:00</InstallationDateTime>
  <InstallationInfoFilePath>d:\dbs\sh\rfp\1003_224210\cmd\1\Drop\retail\Services\AOSService\Scripts\InstallationInfo.xml</InstallationInfoFilePath>
  <Version>7.0.4679.35176</Version>
  <Publisher>Microsoft Corporation</Publisher>
  <GeneratedFromAXMetadata>false</GeneratedFromAXMetadata>
  <Configuration />
  <CustomName />
  <CustomVersion />
  <CustomDescription />
  <CustomPublisher />
  <ServiceModelGroup>Platform</ServiceModelGroup>
  <ReleaseVersion>Update11</ReleaseVersion>
  <ProductRegisteredName>Microsoft Dynamics 365 for Finance and Operations, Enterprise edition</ProductRegisteredName>
</ServiceModelInstallationInfo>