<?xml version="1.0" encoding="utf-8"?>
<HotfixInstallationInfo xmlns:xsi="http://www.w3.org/2001/XMLSchema-instance" xmlns:xsd="http://www.w3.org/2001/XMLSchema">
  <Name>bd0bdaff-f1b5-4be5-a9e3-056681cb0326</Name>
  <Description>Deployable package created from visual studio</Description>
  <InstallationDateTime>0001-01-01T00:00:00</InstallationDateTime>
  <InstallationInfoFilePath>C:\Users\Administrator\AppData\Local\Temp\tmp15F8.tmp\HotfixInstallationInfo.xml</InstallationInfoFilePath>
  <Version />
  <Publisher>Non-Microsoft</Publisher>
  <GeneratedFromAXMetadata>false</GeneratedFromAXMetadata>
  <Type>ApplicationPackage</Type>
  <IncludedDeployablePackages />
  <ServiceModelList />
  <OtherComponentList />
  <MetadataModuleRelease>Update11</MetadataModuleRelease>
  <MetadataModuleList>
    <string>sbmod_getlink.7.0.4679.35176</string>
  </MetadataModuleList>
  <MetadataModelList />
  <PlatformReleaseDisplayName>Update11</PlatformReleaseDisplayName>
  <PlatformVersion>7.0.4679.35176</PlatformVersion>
  <IsCompatibleWithSealedRelease>true</IsCompatibleWithSealedRelease>
  <AllComponentList>
    <ArrayOfString>
      <string>AX Module</string>
      <string>sbmod_getlink.7.0.4679.35176</string>
    </ArrayOfString>
  </AllComponentList>
</HotfixInstallationInfo>